COUNTRY,ISO3,WHO_REGION,DATA_SOURCE,DATE_UPDATED,TOTAL_VACCINATIONS,PERSONS_VACCINATED_1PLUS_DOSE,TOTAL_VACCINATIONS_PER100,PERSONS_VACCINATED_1PLUS_DOSE_PER100,PERSONS_FULLY_VACCINATED,PERSONS_FULLY_VACCINATED_PER100,VACCINES_USED,FIRST_VACCINE_DATE,NUMBER_VACCINES_TYPES_USED,PERSONS_BOOSTER_ADD_DOSE,PERSONS_BOOSTER_ADD_DOSE_PER100
Afghanistan,AFG,EMRO,REPORTING,2022-07-19,7885045,7139453,20.255,18.34,6422705,16.499,"AstraZeneca - Vaxzevria,Beijing CNBG - BBIBP-CorV,Bharat - Covaxin,CanSino - Convidecia,Gamaleya - Gam-Covid-Vac,Gamaleya - Sputnik-Light,Janssen - Ad26.COV 2-S,Moderna - Spikevax,Pfizer BioNTech - Comirnaty,SII - Covishield,Sinovac - CoronaVac",2021-02-22,11,,
Albania,ALB,EURO,REPORTING,2022-07-24,2934116,1330520,102,46.751,1253962,44.061,"AstraZeneca - Vaxzevria,Gamaleya - Gam-Covid-Vac,Pfizer BioNTech - Comirnaty,SII - Covishield,Sinovac - CoronaVac",2021-01-13,5,338290,11.887
Algeria,DZA,AFRO,REPORTING,2022-07-03,15205854,7840131,34.676,17.879,6481186,14.78,"Beijing CNBG - BBIBP-CorV,Gamaleya - Gam-Covid-Vac,SII - Covishield,Sinovac - CoronaVac",2021-01-30,4,514063,1.172
American Samoa,ASM,WPRO,REPORTING,2022-06-24,109507,44586,198.393,80.776,41160,74.569,"Janssen - Ad26.COV 2-S,Moderna - Spikevax,Pfizer BioNTech - Comirnaty",2020-12-21,3,23501,42.577
Andorra,AND,EURO,REPORTING,2022-07-10,153531,57888,198.7,75.991,53460,70.179,"AstraZeneca - Vaxzevria,Moderna - Spikevax,Pfizer BioNTech - Comirnaty",2021-01-20,3,42183,55.375
Angola,AGO,AFRO,REPORTING,2022-07-17,21099865,13507932,64.199,41.1,7393934,22.497,SII - Covishield,2021-03-10,1,906537,2.758
Anguilla,AIA,AMRO,REPORTING,2022-07-22,24060,10837,160.379,72.237,10273,68.478,"AstraZeneca - Vaxzevria,Pfizer BioNTech - Comirnaty",2021-02-05,2,2950,19.664
Antigua and Barbuda,ATG,AMRO,REPORTING,2022-07-22,136185,64176,139.065,65.533,62171,63.486,"AstraZeneca - Vaxzevria,Beijing CNBG - BBIBP-CorV,Gamaleya - Gam-Covid-Vac,Janssen - Ad26.COV 2-S,Pfizer BioNTech - Comirnaty,SII - Covishield",2021-03-01,6,9838,10.046
Argentina,ARG,AMRO,REPORTING,2022-07-22,107275530,41188108,237.357,91.133,37669673,83.348,"AstraZeneca - Vaxzevria,Beijing CNBG - BBIBP-CorV,CanSino - Convidecia,Gamaleya - Gam-Covid-Vac,Moderna - Spikevax,Pfizer BioNTech - Comirnaty,SII - Covishield",2020-12-29,7,28736365,63.582
Armenia,ARM,EURO,REPORTING,2022-05-22,2150112,1129669,72.6,38.123,985807,33.268,"AstraZeneca - Vaxzevria,Beijing CNBG - BBIBP-CorV,Gamaleya - Gam-Covid-Vac,Gamaleya - Sputnik-Light,Moderna - Spikevax,Pfizer BioNTech - Comirnaty,Sinovac - CoronaVac,Wuhan CNBG - Inactivated",2021-06-16,8,40725,1.374
Aruba,ABW,AMRO,REPORTING,2022-07-22,172508,89395,161.576,83.73,83113,77.846,"Janssen - Ad26.COV 2-S,Pfizer BioNTech - Comirnaty",2021-02-17,2,,
Australia,AUS,WPRO,REPORTING,2022-07-18,61359477,22376867,240.626,87.753,21708016,85.13,"AstraZeneca - Vaxzevria,Janssen - Ad26.COV 2-S,Moderna - Spikevax,Novavax-NUVAXOVID,Pfizer BioNTech - Comirnaty",2021-02-21,5,14004950,54.922
Austria,AUT,EURO,REPORTING,2022-07-10,18683895,6879462,209.9,77.387,6973486,78.344,"AstraZeneca - Vaxzevria,Janssen - Ad26.COV 2-S,Moderna - Spikevax,Novavax-NUVAXOVID,Pfizer BioNTech - Comirnaty,Unknown Vaccine",2020-12-30,6,5005019,56.229
Azerbaijan,AZE,EURO,REPORTING,2022-07-24,13666315,5387808,134.8,53.139,4860922,47.942,"AstraZeneca - Vaxzevria,Gamaleya - Gam-Covid-Vac,Gamaleya - Sputnik-Light,Pfizer BioNTech - Comirnaty,Sinovac - CoronaVac",2021-01-20,5,3417587,33.707
Bahamas,BHS,AMRO,REPORTING,2022-07-22,346253,166471,88.05,42.333,159548,40.572,"AstraZeneca - Vaxzevria,Janssen - Ad26.COV 2-S,Pfizer BioNTech - Comirnaty,SII - Covishield",2021-03-14,4,30640,7.792
Bahrain,BHR,EMRO,REPORTING,2022-07-19,3459916,1239214,203.336,72.827,1224136,71.941,"AstraZeneca - Vaxzevria,Beijing CNBG - BBIBP-CorV,Bharat - Covaxin,CanSino - Convidecia,Gamaleya - Gam-Covid-Vac,Gamaleya - Sputnik-Light,Janssen - Ad26.COV 2-S,Moderna - Spikevax,Pfizer BioNTech - Comirnaty,SII - Covishield,Sinovac - CoronaVac",2020-11-04,11,996566,58.567
Bangladesh,BGD,SEARO,REPORTING,2022-07-26,289084557,129666208,175.533,78.734,120368605,73.088,"AstraZeneca - Vaxzevria,Beijing CNBG - BBIBP-CorV,Gamaleya - Gam-Covid-Vac,Janssen - Ad26.COV 2-S,Moderna - Spikevax,Pfizer BioNTech - Comirnaty,SII - Covishield,Sinovac - CoronaVac",2021-01-27,8,39049744,23.711
Barbados,BRB,AMRO,REPORTING,2022-07-22,372971,162858,129.785,56.671,153865,53.542,"AstraZeneca - Vaxzevria,Beijing CNBG - BBIBP-CorV,Janssen - Ad26.COV 2-S,Pfizer BioNTech - Comirnaty,SII - Covishield",2021-01-08,5,56248,19.573
Belarus,BLR,EURO,REPORTING,2022-07-10,13394906,6437839,141.8,68.13,6332753,67.018,"Beijing CNBG - BBIBP-CorV,Chumakov - Covi-Vac,Gamaleya - Gam-Covid-Vac,Gamaleya - Sputnik-Light",2021-02-03,4,922998,9.768
Belgium,BEL,EURO,REPORTING,2022-07-10,25675331,9239836,222.8,80.19,9143697,79.356,"AstraZeneca - Vaxzevria,Janssen - Ad26.COV 2-S,Moderna - Spikevax,Pfizer BioNTech - Comirnaty",2020-12-30,4,7181513,62.326
Belize,BLZ,AMRO,REPORTING,2022-07-22,495575,249371,124.633,62.715,217966,54.817,"AstraZeneca - Vaxzevria,Beijing CNBG - BBIBP-CorV,Janssen - Ad26.COV 2-S,Pfizer BioNTech - Comirnaty,SII - Covishield",2021-03-01,5,49897,12.549
Benin,BEN,AFRO,REPORTING,2022-07-03,3681560,3174135,30.368,26.182,2690085,22.19,"AstraZeneca - Vaxzevria,Janssen - Ad26.COV 2-S,Pfizer BioNTech - Comirnaty,SII - Covishield,Sinovac - CoronaVac",2021-03-29,5,0,0
Bermuda,BMU,AMRO,REPORTING,2022-07-22,132042,48554,212.037,77.97,47657,76.529,"AstraZeneca - Vaxzevria,Pfizer BioNTech - Comirnaty",2021-01-11,2,31829,51.112
Bhutan,BTN,SEARO,REPORTING,2022-07-24,1914505,693546,248.119,89.883,673113,87.235,"AstraZeneca - Vaxzevria,Beijing CNBG - BBIBP-CorV,Moderna - Spikevax,Pfizer BioNTech - Comirnaty,SII - Covishield",2021-03-27,5,547846,71.001
Bolivia (Plurinational State of),BOL,AMRO,REPORTING,2022-07-22,14577259,7290235,124.88,62.454,6073032,52.026,"Beijing CNBG - BBIBP-CorV,Gamaleya - Gam-Covid-Vac,Janssen - Ad26.COV 2-S,Moderna - Spikevax,Pfizer BioNTech - Comirnaty,SII - Covishield",2021-01-30,6,1885146,16.15
Bonaire,XAA,AMRO,REPORTING,2022-07-22,41223,17424,197.098,83.309,15854,75.802,,,,7945,37.987
"Bonaire, Sint Eustatius and Saba",BES,AMRO,OWID,2021-09-01,35845,19109,137.934,73.533,16736,64.401,"Moderna - mRNA-1273, Pfizer BioNTech - Comirnaty",,2,,
Bosnia and Herzegovina,BIH,EURO,REPORTING,2022-01-29,1924950,943394,58.7,28.755,846080,25.789,"AstraZeneca - AZD1222, Pfizer BioNTech - Comirnaty, Sinovac - CoronaVac, Gamaleya - Sputnik V",,4,,
Botswana,BWA,AFRO,REPORTING,2022-07-17,2862659,1696430,121.731,72.139,1512567,64.32,"Bharat - Covaxin,Janssen - Ad26.COV 2-S,Moderna - Spikevax,Pfizer BioNTech - Comirnaty,SII - Covishield,Sinovac - CoronaVac",2021-03-26,6,405491,17.243
Brazil,BRA,AMRO,REPORTING,2022-07-22,459139945,181894896,216.005,85.574,163016981,76.692,"AstraZeneca - Vaxzevria,Janssen - Ad26.COV 2-S,Pfizer BioNTech - Comirnaty,SII - Covishield,Sinovac - CoronaVac",2021-01-17,5,104448519,49.139
British Virgin Islands,VGB,AMRO,REPORTING,2022-07-22,41346,19433,136.74,64.269,18187,60.148,"AstraZeneca - Vaxzevria,Janssen - Ad26.COV 2-S",2021-02-11,2,3726,12.323
Brunei Darussalam,BRN,WPRO,REPORTING,2022-05-27,1173118,444293,268.154,101.558,426764,97.551,"AstraZeneca - Vaxzevria,Beijing CNBG - BBIBP-CorV,Janssen - Ad26.COV 2-S,Moderna - Spikevax,Pfizer BioNTech - Comirnaty",2021-04-03,5,301719,68.968
Bulgaria,BGR,EURO,REPORTING,2022-07-10,4423893,2093417,63.6,30.115,2064367,29.697,"AstraZeneca - Vaxzevria,Janssen - Ad26.COV 2-S,Moderna - Spikevax,Pfizer BioNTech - Comirnaty",2020-12-30,4,766146,11.021
Burkina Faso,BFA,AFRO,REPORTING,2022-07-17,3134621,2551596,14.996,12.207,1640349,7.847,"Beijing CNBG - BBIBP-CorV,Janssen - Ad26.COV 2-S,SII - Covishield",2021-06-02,3,,
Burundi,BDI,AFRO,REPORTING,2022-07-17,18307,16444,0.154,0.138,15862,0.133,Beijing CNBG - BBIBP-CorV,2021-10-18,1,10,0
Cabo Verde,CPV,AFRO,REPORTING,2022-07-10,802216,355522,144.287,63.944,307655,55.335,"Beijing CNBG - BBIBP-CorV,Moderna - Spikevax,Pfizer BioNTech - Comirnaty,SII - Covishield",2021-03-18,4,234,0.042
Cambodia,KHM,WPRO,REPORTING,2022-07-15,41584033,15104932,248.724,90.346,14411480,86.198,"AstraZeneca - Vaxzevria,Beijing CNBG - BBIBP-CorV,Janssen - Ad26.COV 2-S,Moderna - Spikevax,Pfizer BioNTech - Comirnaty,SII - Covishield,Sinovac - CoronaVac",2021-02-10,7,9582177,57.313
Cameroon,CMR,AFRO,REPORTING,2022-07-10,1849562,1566331,6.967,5.9,1223119,4.608,"Beijing CNBG - BBIBP-CorV,Janssen - Ad26.COV 2-S,Pfizer BioNTech - Comirnaty,SII - Covishield",2021-04-12,4,52011,0.196
Canada,CAN,AMRO,REPORTING,2022-07-22,85886104,32622218,227.56,86.434,31349771,83.063,"AstraZeneca - Vaxzevria,Janssen - Ad26.COV 2-S,Moderna - Spikevax,Pfizer BioNTech - Comirnaty,SII - Covishield",2020-12-14,5,18931347,50.16
Cayman Islands,CYM,AMRO,REPORTING,2022-07-22,147211,61529,223.997,93.623,59931,91.191,Pfizer BioNTech - Comirnaty,2021-01-15,1,23732,36.111
Central African Republic,CAF,AFRO,REPORTING,2022-07-17,1392969,1300418,28.841,26.925,1244034,25.758,"Bharat - Covaxin,SII - Covishield",2021-03-19,2,,
Chad,TCD,AFRO,REPORTING,2022-07-03,2356138,2218493,14.344,13.506,2093522,12.745,Beijing CNBG - BBIBP-CorV,2021-06-04,1,0,0
Chile,CHL,AMRO,REPORTING,2022-07-22,60660639,18020907,317.326,94.27,17610022,92.121,"AstraZeneca - Vaxzevria,CanSino - Convidecia,Moderna - Spikevax,Pfizer BioNTech - Comirnaty,Sinovac - CoronaVac",2020-12-21,5,15299775,80.036
China,CHN,WPRO,REPORTING,2022-07-18,3432936799,1307349427,233.329,88.858,1267053224,86.119,"Anhui ZL - Zifivax,Beijing CNBG - BBIBP-CorV,CanSino - Convidecia,IMB - Covidful,Pfizer BioNTech - Comirnaty,Shenzhen - LV-SMENP-DC,Sinovac - CoronaVac,Wuhan CNBG - Inactivated",2020-07-22,8,775441473,52.705
Colombia,COL,AMRO,REPORTING,2022-07-22,86474076,42480321,169.947,83.486,36295164,71.331,"AstraZeneca - Vaxzevria,Janssen - Ad26.COV 2-S,Moderna - Spikevax,Pfizer BioNTech - Comirnaty,Sinovac - CoronaVac",2021-02-17,5,13254074,26.048
Comoros,COM,AFRO,REPORTING,2022-07-03,642320,409094,73.864,47.044,362030,41.632,"Beijing CNBG - BBIBP-CorV,Bharat - Covaxin,SII - Covishield",2021-04-10,3,0,0
Congo,COG,AFRO,REPORTING,2022-07-17,833078,695631,15.097,12.606,654005,11.852,"Beijing CNBG - BBIBP-CorV,Gamaleya - Gam-Covid-Vac,Moderna - Spikevax,SII - Covishield",2021-03-23,4,,
Cook Islands,COK,WPRO,REPORTING,2022-05-10,39612,15020,225.529,85.516,14676,83.557,Pfizer BioNTech - Comirnaty,2021-05-17,1,9916,56.456
Costa Rica,CRI,AMRO,REPORTING,2022-07-22,11417676,4456540,224.135,87.484,4179996,82.055,"AstraZeneca - Vaxzevria,Moderna - Spikevax,Pfizer BioNTech - Comirnaty",2020-12-24,3,2418813,47.482
Côte d’Ivoire,CIV,AFRO,REPORTING,2022-07-03,14445720,9229469,54.764,34.989,6808411,25.811,"Beijing CNBG - BBIBP-CorV,Gamaleya - Gam-Covid-Vac,Janssen - Ad26.COV 2-S,Pfizer BioNTech - Comirnaty,SII - Covishield",2021-03-01,5,388079,1.471
Croatia,HRV,EURO,REPORTING,2022-07-10,5260999,2314333,129.6,57.062,2240975,55.221,"AstraZeneca - Vaxzevria,Janssen - Ad26.COV 2-S,Moderna - Spikevax,Novavax-NUVAXOVID,Pfizer BioNTech - Comirnaty,Unknown Vaccine",2020-12-23,6,902234,22.233
Cuba,CUB,AMRO,REPORTING,2022-07-22,36657871,10682958,323.644,94.317,9976896,88.084,"CIGB - CIGB-66,Finlay - Soberana Plus,Finlay - Soberana-02",,3,7435111,65.643
Curaçao,CUW,AMRO,REPORTING,2022-07-22,254669,108334,155.198,66.02,99696,60.756,"AstraZeneca - Vaxzevria,Moderna - Spikevax,Pfizer BioNTech - Comirnaty",2021-02-24,3,46639,28.422
Cyprus,CYP,EURO,REPORTING,2022-07-10,1807689,665934,203.6,74.992,655040,73.765,"AstraZeneca - Vaxzevria,Janssen - Ad26.COV 2-S,Moderna - Spikevax,Novavax-NUVAXOVID,Pfizer BioNTech - Comirnaty",2020-12-23,5,481992,54.278
Czechia,CZE,EURO,REPORTING,2022-07-10,17667263,6959686,165.2,65.081,6874066,64.28,"AstraZeneca - Vaxzevria,Janssen - Ad26.COV 2-S,Moderna - Spikevax,Novavax-NUVAXOVID,Pfizer BioNTech - Comirnaty",2020-12-23,5,4243861,39.685
Democratic Republic of the Congo,COD,AFRO,REPORTING,2022-07-17,3745679,3450478,4.182,3.853,2262577,2.526,SII - Covishield,2021-04-19,1,,
Denmark,DNK,EURO,REPORTING,2022-07-10,13208110,4824394,226.8,82.854,4778706,82.069,"AstraZeneca - Vaxzevria,Janssen - Ad26.COV 2-S,Moderna - Spikevax,Pfizer BioNTech - Comirnaty,Unknown Vaccine",2020-12-16,5,3651702,62.714
Djibouti,DJI,EMRO,REPORTING,2022-07-19,226829,206222,22.958,20.873,185849,18.811,"AstraZeneca - Vaxzevria,Beijing CNBG - BBIBP-CorV,Bharat - Covaxin,CanSino - Convidecia,Gamaleya - Gam-Covid-Vac,Gamaleya - Sputnik-Light,Janssen - Ad26.COV 2-S,Moderna - Spikevax,Pfizer BioNTech - Comirnaty,SII - Covishield,Sinovac - CoronaVac",2021-03-15,11,,
Dominica,DMA,AMRO,REPORTING,2022-07-22,66992,32872,93.056,45.661,30474,42.33,"AstraZeneca - Vaxzevria,Beijing CNBG - BBIBP-CorV,Pfizer BioNTech - Comirnaty,SII - Covishield",2021-02-12,4,3646,5.065
Dominican Republic,DOM,AMRO,REPORTING,2022-07-22,15665962,7249286,144.415,66.827,6011634,55.417,"AstraZeneca - Vaxzevria,SII - Covishield,Sinovac - CoronaVac",2021-02-16,3,2405042,22.171
Ecuador,ECU,AMRO,REPORTING,2022-07-22,36432130,15208239,206.496,86.2,14046183,79.613,"AstraZeneca - Vaxzevria,CanSino - Convidecia,Pfizer BioNTech - Comirnaty,Sinovac - CoronaVac",2021-01-20,4,6662256,37.761
Egypt,EGY,EMRO,REPORTING,2022-07-19,94288193,51394896,92.137,50.222,38312748,37.439,"AstraZeneca - Vaxzevria,Beijing CNBG - BBIBP-CorV,Bharat - Covaxin,CanSino - Convidecia,Gamaleya - Gam-Covid-Vac,Gamaleya - Sputnik-Light,Janssen - Ad26.COV 2-S,Moderna - Spikevax,Pfizer BioNTech - Comirnaty,Sinovac - CoronaVac",2021-01-24,10,6710741,6.558
El Salvador,SLV,AMRO,REPORTING,2022-07-22,10962238,4602143,169.009,70.953,4308307,66.423,"AstraZeneca - Vaxzevria,Beijing CNBG - BBIBP-CorV,Moderna - Spikevax,Pfizer BioNTech - Comirnaty,SII - Covishield,Sinovac - CoronaVac",2021-02-17,6,1725905,26.609
Equatorial Guinea,GNQ,AFRO,REPORTING,2022-07-03,484554,267610,34.537,19.074,208104,14.833,"Beijing CNBG - BBIBP-CorV,Sinovac - CoronaVac",2021-02-12,2,4420,0.315
Eritrea,ERI,AFRO,REPORTING,2022-07-03,,0,,0,0,0,,,,,
Estonia,EST,EURO,REPORTING,2022-07-10,2079468,842150,156.5,63.368,837997,63.056,"AstraZeneca - Vaxzevria,Janssen - Ad26.COV 2-S,Moderna - Spikevax,Novavax-NUVAXOVID,Pfizer BioNTech - Comirnaty",2020-12-23,5,463078,34.845
Eswatini,SWZ,AFRO,REPORTING,2022-07-03,684176,410506,58.972,35.383,342088,29.486,"Janssen - Ad26.COV 2-S,Pfizer BioNTech - Comirnaty,SII - Covishield",2021-03-19,3,66331,5.717
Ethiopia,ETH,AFRO,REPORTING,2022-07-10,52192941,44695420,45.4,38.878,38296046,33.311,"Beijing CNBG - BBIBP-CorV,Bharat - Covaxin,Janssen - Ad26.COV 2-S,SII - Covishield",2021-03-13,4,2612531,2.272
Falkland Islands (Malvinas),FLK,AMRO,REPORTING,2022-06-21,9390,3220,269.595,92.449,2976,85.444,AstraZeneca - AZD1222,,1,2543,73.012
Faroe Islands,FRO,EURO,OWID,2022-02-18,103894,41715,212.614,85.368,40895,83.69,"Moderna - mRNA-1273, Pfizer BioNTech - Comirnaty",,2,21284,43.557
Fiji,FJI,WPRO,REPORTING,2022-07-18,1506496,707124,168.052,78.881,635834,70.928,"AstraZeneca - Vaxzevria,Moderna - Spikevax,SII - Covishield",2021-03-07,3,149998,16.733
Finland,FIN,EURO,REPORTING,2022-07-10,11874988,4535350,214.9,82.083,4346920,78.673,"AstraZeneca - Vaxzevria,Janssen - Ad26.COV 2-S,Moderna - Spikevax,Pfizer BioNTech - Comirnaty,Unknown Vaccine",2020-12-23,5,2992718,54.164
France,FRA,EURO,REPORTING,2022-07-10,150577493,54483370,223.7,80.932,52939775,78.639,"AstraZeneca - Vaxzevria,Janssen - Ad26.COV 2-S,Moderna - Spikevax,Novavax-NUVAXOVID,Pfizer BioNTech - Comirnaty,Unknown Vaccine",2020-12-30,6,40308169,59.875
French Guiana,GUF,AMRO,REPORTING,2022-07-22,236142,99364,79.061,33.267,90111,30.17,"Moderna - Spikevax,Pfizer BioNTech - Comirnaty",2021-01-13,2,44957,15.052
French Polynesia,PYF,WPRO,REPORTING,2022-05-30,456203,188245,162.403,67.013,184470,65.669,"Janssen - Ad26.COV 2-S,Pfizer BioNTech - Comirnaty",2021-01-18,2,92575,32.956
Gabon,GAB,AFRO,REPORTING,2022-07-10,568751,309473,25.553,13.904,256802,11.538,"Beijing CNBG - BBIBP-CorV,Gamaleya - Gam-Covid-Vac,Pfizer BioNTech - Comirnaty",2021-03-23,3,2476,0.111
Gambia,GMB,AFRO,REPORTING,2022-07-03,812811,449464,33.634,18.599,354340,14.662,"Beijing CNBG - BBIBP-CorV,SII - Covishield",2021-03-10,2,9007,0.373
Georgia,GEO,EURO,REPORTING,2022-07-24,2704816,1287586,67.8,32.277,1173009,29.405,"AstraZeneca - Vaxzevria,Beijing CNBG - BBIBP-CorV,Pfizer BioNTech - Comirnaty,Sinovac - CoronaVac",2021-03-17,4,244221,6.122
Germany,DEU,EURO,REPORTING,2022-07-10,183133264,64711212,220.2,77.809,64769097,77.879,"AstraZeneca - Vaxzevria,Janssen - Ad26.COV 2-S,Moderna - Spikevax,Novavax-NUVAXOVID,Pfizer BioNTech - Comirnaty,Unknown Vaccine",2020-12-23,6,51325917,61.714
Ghana,GHA,AFRO,REPORTING,2022-07-17,19883528,11042809,63.99,35.538,7880395,25.361,"Gamaleya - Gam-Covid-Vac,SII - Covishield",2021-03-02,2,1479643,4.762
Gibraltar,GIB,EURO,OWID,2022-04-21,119855,42074,355.748,124.882,41421,122.944,"AstraZeneca - AZD1222, Pfizer BioNTech - Comirnaty",,2,36360,107.922
Greece,GRC,EURO,REPORTING,2022-07-10,21231600,7902815,198.1,73.73,7721987,72.043,"AstraZeneca - Vaxzevria,Janssen - Ad26.COV 2-S,Moderna - Spikevax,Novavax-NUVAXOVID,Pfizer BioNTech - Comirnaty",2020-12-23,5,5817926,54.279
Greenland,GRL,EURO,OWID,2022-03-07,79745,41243,140.465,72.647,38502,67.819,Moderna - mRNA-1273,,1,,
Grenada,GRD,AMRO,REPORTING,2022-07-22,89439,43839,79.485,38.96,38658,34.356,"AstraZeneca - Vaxzevria,Janssen - Ad26.COV 2-S,Pfizer BioNTech - Comirnaty,SII - Covishield",2021-02-15,4,6942,6.169
Guadeloupe,GLP,AMRO,REPORTING,2022-07-22,384706,149937,96.147,37.473,144068,36.006,"AstraZeneca - Vaxzevria,Janssen - Ad26.COV 2-S,Moderna - Spikevax,Pfizer BioNTech - Comirnaty",2021-01-08,6,86362,21.584
Guam,GUM,WPRO,REPORTING,2022-06-24,359972,154062,213.285,91.282,139967,82.931,"Janssen - Ad26.COV 2-S,Moderna - Spikevax,Pfizer BioNTech - Comirnaty",2021-01-04,3,69028,40.899
Guatemala,GTM,AMRO,REPORTING,2022-07-22,18260144,8344999,101.923,46.58,6406709,35.761,"AstraZeneca - Vaxzevria,Gamaleya - Gam-Covid-Vac,Moderna - Spikevax,Pfizer BioNTech - Comirnaty,SII - Covishield",2021-02-25,5,3235515,18.06
Guernsey,GGY,EURO,OWID,2022-07-12,157708,,244.63,,,,"Moderna - mRNA-1273, AstraZeneca - AZD1222, Pfizer BioNTech - Comirnaty",,3,,
Guinea,GIN,AFRO,REPORTING,2022-07-17,6299160,4640906,47.965,35.338,2712094,20.651,"Beijing CNBG - BBIBP-CorV,Gamaleya - Gam-Covid-Vac,Janssen - Ad26.COV 2-S,Pfizer BioNTech - Comirnaty,SII - Covishield,Sinovac - CoronaVac",2021-03-05,6,1501,0.011
Guinea-Bissau,GNB,AFRO,REPORTING,2022-07-10,573125,529954,29.122,26.929,342389,17.398,"Beijing CNBG - BBIBP-CorV,SII - Covishield",2021-04-02,2,745,0.038
Guyana,GUY,AMRO,REPORTING,2022-07-22,1016416,485218,129.224,61.689,461073,58.62,"AstraZeneca - Vaxzevria,Beijing CNBG - BBIBP-CorV,Gamaleya - Gam-Covid-Vac,Janssen - Ad26.COV 2-S,Moderna - Spikevax,Pfizer BioNTech - Comirnaty,SII - Covishield",2021-02-11,7,70125,8.915
Haiti,HTI,AMRO,REPORTING,2022-07-22,351767,248075,3.085,2.176,161066,1.413,"Janssen - Ad26.COV 2-S,Moderna - Spikevax",,2,,
Honduras,HND,AMRO,REPORTING,2022-07-22,14700875,6335843,148.425,63.969,5432244,54.846,"AstraZeneca - Vaxzevria,Gamaleya - Gam-Covid-Vac,Janssen - Ad26.COV 2-S,Moderna - Spikevax,Pfizer BioNTech - Comirnaty,SII - Covishield",2021-02-22,6,2933163,29.614
Hungary,HUN,EURO,REPORTING,2022-07-10,16418264,6348367,168.1,64.981,6142534,62.874,"AstraZeneca - Vaxzevria,Beijing CNBG - BBIBP-CorV,Gamaleya - Gam-Covid-Vac,Janssen - Ad26.COV 2-S,Moderna - Spikevax,Pfizer BioNTech - Comirnaty,Sinovac - CoronaVac",2020-12-23,7,3848939,39.397
Iceland,ISL,EURO,REPORTING,2022-06-26,811285,306672,222.8,84.22,297147,81.604,"AstraZeneca - Vaxzevria,Janssen - Ad26.COV 2-S,Moderna - Spikevax,Pfizer BioNTech - Comirnaty",2020-12-30,4,250993,68.929
India,IND,SEARO,REPORTING,2022-07-26,2027729103,1018992822,146.936,73.84,930789946,67.448,"Bharat - Covaxin,Biological E - Corbevax,Gamaleya - Gam-Covid-Vac,Janssen - Ad26.COV 2-S,Moderna - Spikevax,SII - Covishield,SII - Covovax,Zydus - ZyCov-D",2021-01-16,8,77946335,5.648
Indonesia,IDN,SEARO,REPORTING,2022-07-26,427093056,202268728,156.145,73.949,169882385,62.109,"AstraZeneca - Vaxzevria,Beijing CNBG - BBIBP-CorV,Janssen - Ad26.COV 2-S,Moderna - Spikevax,Novavax-NUVAXOVID,Pfizer BioNTech - Comirnaty,Sinovac - CoronaVac",2021-01-13,7,54941943,20.087
Iran (Islamic Republic of),IRN,EMRO,REPORTING,2022-07-19,152120956,64732988,181.112,77.07,58106146,69.18,"AstraZeneca - Vaxzevria,Beijing CNBG - BBIBP-CorV,Bharat - Covaxin,CanSino - Convidecia,Finlay - Soberana-02,Gamaleya - Gam-Covid-Vac,Gamaleya - Sputnik-Light,Janssen - Ad26.COV 2-S,Moderna - Spikevax,Pfizer BioNTech - Comirnaty,Shifa - COVIran Barakat,Sinovac - CoronaVac",2021-02-09,12,29281822,34.862
Iraq,IRQ,EMRO,REPORTING,2022-07-19,18904252,10973556,46.999,27.282,7711659,19.173,"AstraZeneca - Vaxzevria,Beijing CNBG - BBIBP-CorV,Bharat - Covaxin,CanSino - Convidecia,Gamaleya - Gam-Covid-Vac,Gamaleya - Sputnik-Light,Janssen - Ad26.COV 2-S,Moderna - Spikevax,Pfizer BioNTech - Comirnaty,Sinovac - CoronaVac",2021-03-02,10,219037,0.545
Ireland,IRL,EURO,REPORTING,2022-07-10,11330933,4042369,228.2,83.909,4005074,80.675,"AstraZeneca - Vaxzevria,Janssen - Ad26.COV 2-S,Moderna - Spikevax,Novavax-NUVAXOVID,Pfizer BioNTech - Comirnaty",2020-12-30,5,2973731,59.901
Isle of Man,IMN,EURO,OWID,2022-06-23,189994,69560,223.438,81.804,67106,78.919,"Moderna - mRNA-1273, AstraZeneca - AZD1222, Pfizer BioNTech - Comirnaty",,3,53328,62.715
Israel,ISR,EURO,REPORTING,2022-06-05,15026951,7055466,173.6,81.514,6385731,73.776,"AstraZeneca - Vaxzevria,Moderna - Spikevax,Pfizer BioNTech - Comirnaty",2020-12-16,3,1585754,18.321
Italy,ITA,EURO,REPORTING,2022-07-10,137340983,50408067,230.3,84.523,47486279,79.62,"AstraZeneca - Vaxzevria,Janssen - Ad26.COV 2-S,Moderna - Spikevax,Novavax-NUVAXOVID,Pfizer BioNTech - Comirnaty",2020-12-23,5,40925909,68.62
Jamaica,JAM,AMRO,REPORTING,2022-07-22,1468198,819062,49.582,27.66,717174,24.219,"AstraZeneca - Vaxzevria,Beijing CNBG - BBIBP-CorV,Janssen - Ad26.COV 2-S,Pfizer BioNTech - Comirnaty,SII - Covishield",2021-03-10,5,43058,1.454
Japan,JPN,WPRO,REPORTING,2022-07-07,286269668,103762546,226.342,82.041,102388498,80.955,"AstraZeneca - Vaxzevria,Moderna - Spikevax,Novavax-NUVAXOVID,Pfizer BioNTech - Comirnaty",2021-02-17,4,78626745,62.167
Jersey,JEY,EURO,OWID,2022-07-17,237339,83770,220.174,77.712,81027,75.167,"Moderna - mRNA-1273, AstraZeneca - AZD1222, Pfizer BioNTech - Comirnaty",,3,72542,67.296
Jordan,JOR,EMRO,REPORTING,2022-07-19,10032773,4812827,98.33,47.17,4551253,44.606,"AstraZeneca - Vaxzevria,Beijing CNBG - BBIBP-CorV,Bharat - Covaxin,CanSino - Convidecia,Gamaleya - Gam-Covid-Vac,Gamaleya - Sputnik-Light,Janssen - Ad26.COV 2-S,Moderna - Spikevax,Pfizer BioNTech - Comirnaty,Sinovac - CoronaVac",2021-01-13,10,672821,6.594
Kazakhstan,KAZ,EURO,REPORTING,2022-06-12,26466651,10695524,141,56.962,11225218,59.783,"Beijing CNBG - BBIBP-CorV,Gamaleya - Gam-Covid-Vac,Pfizer BioNTech - Comirnaty,RIBSP - QazVac,Sinovac - CoronaVac",2021-04-07,5,4545909,24.21
Kenya,KEN,AFRO,REPORTING,2022-07-03,18535975,12641679,34.472,23.51,9326814,17.345,"Beijing CNBG - BBIBP-CorV,Janssen - Ad26.COV 2-S,Moderna - Spikevax,Pfizer BioNTech - Comirnaty,SII - Covishield",2021-03-05,5,376018,0.699
Kiribati,KIR,WPRO,REPORTING,2022-05-14,151235,80566,126.611,67.448,60670,50.792,"AstraZeneca - Vaxzevria,Beijing CNBG - BBIBP-CorV",2021-05-26,2,9999,8.371
Kosovo,XKX,EURO,REPORTING,2022-07-24,1833258,903799,102.1,50.332,823867,45.881,"AstraZeneca - Vaxzevria,Pfizer BioNTech - Comirnaty",2021-03-31,2,104525,5.821
Kuwait,KWT,EMRO,REPORTING,2022-07-19,8164098,3438215,191.171,80.509,3328032,77.929,"AstraZeneca - Vaxzevria,Beijing CNBG - BBIBP-CorV,Bharat - Covaxin,CanSino - Convidecia,Gamaleya - Gam-Covid-Vac,Gamaleya - Sputnik-Light,Janssen - Ad26.COV 2-S,Moderna - Spikevax,Pfizer BioNTech - Comirnaty,Sinovac - CoronaVac",2020-12-28,10,1397851,32.732
Kyrgyzstan,KGZ,EURO,REPORTING,2022-07-24,2908879,1447154,44.6,22.181,1285793,19.708,"AstraZeneca - Vaxzevria,Beijing CNBG - BBIBP-CorV,Gamaleya - Gam-Covid-Vac,Moderna - Spikevax,Pfizer BioNTech - Comirnaty,RIBSP - QazVac",2021-03-31,6,175932,2.697
Lao People's Democratic Republic,LAO,WPRO,REPORTING,2022-06-27,11753962,5834238,161.554,80.19,5136978,70.606,"AstraZeneca - Vaxzevria,Beijing CNBG - BBIBP-CorV,Gamaleya - Gam-Covid-Vac,Gamaleya - Sputnik-Light,Janssen - Ad26.COV 2-S,Pfizer BioNTech - Comirnaty,SII - Covishield,Sinovac - CoronaVac",2020-11-25,8,1670544,22.961
Latvia,LVA,EURO,REPORTING,2022-07-10,2832603,1301583,148.5,68.229,1269874,66.567,"AstraZeneca - Vaxzevria,Janssen - Ad26.COV 2-S,Moderna - Spikevax,Novavax-NUVAXOVID,Pfizer BioNTech - Comirnaty",2020-12-30,5,533387,27.96
Lebanon,LBN,EMRO,REPORTING,2022-07-19,5714614,2708007,83.725,39.675,2384459,34.935,"AstraZeneca - Vaxzevria,Beijing CNBG - BBIBP-CorV,Bharat - Covaxin,CanSino - Convidecia,Gamaleya - Gam-Covid-Vac,Gamaleya - Sputnik-Light,Janssen - Ad26.COV 2-S,Moderna - Spikevax,Pfizer BioNTech - Comirnaty,Sinovac - CoronaVac",2021-02-14,10,622148,9.115
Lesotho,LSO,AFRO,REPORTING,2022-07-17,1077116,924248,50.28,43.144,872661,40.736,"Beijing CNBG - BBIBP-CorV,Janssen - Ad26.COV 2-S,SII - Covishield",2021-03-10,3,43417,2.027
Liberia,LBR,AFRO,REPORTING,2022-07-03,2921554,2645947,57.765,52.315,2328125,46.031,SII - Covishield,2021-04-01,1,1929,0.038
Libya,LBY,EMRO,REPORTING,2022-07-17,3667090,2287022,53.368,33.284,1215576,17.691,"AstraZeneca - Vaxzevria,Beijing CNBG - BBIBP-CorV,Bharat - Covaxin,CanSino - Convidecia,Gamaleya - Gam-Covid-Vac,Gamaleya - Sputnik-Light,Janssen - Ad26.COV 2-S,Moderna - Spikevax,Pfizer BioNTech - Comirnaty,Sinovac - CoronaVac",2021-04-11,10,164492,2.394
Liechtenstein,LIE,OTHER,REPORTING,2022-04-10,71104,26681,183.5,68.86,26346,67.995,"Janssen - Ad26.COV 2-S,Moderna - Spikevax,Pfizer BioNTech - Comirnaty",2021-01-06,3,18310,47.255
Lithuania,LTU,EURO,REPORTING,2022-07-10,4476841,1951896,160.2,70.012,1902324,68.084,"AstraZeneca - Vaxzevria,Janssen - Ad26.COV 2-S,Moderna - Spikevax,Pfizer BioNTech - Comirnaty,Unknown Vaccine",2020-12-23,5,892285,31.935
Luxembourg,LUX,EURO,REPORTING,2022-07-10,1274076,469419,203.5,74.974,462537,73.875,"AstraZeneca - Vaxzevria,Janssen - Ad26.COV 2-S,Moderna - Spikevax,Novavax-NUVAXOVID,Pfizer BioNTech - Comirnaty",2020-12-30,5,364497,58.216
Madagascar,MDG,AFRO,REPORTING,2022-07-17,1596937,1330462,5.767,4.805,1289181,4.656,"Beijing CNBG - BBIBP-CorV,Janssen - Ad26.COV 2-S,SII - Covishield",2021-05-10,3,55708,0.201
Malawi,MWI,AFRO,REPORTING,2022-07-10,3171945,2125294,16.581,11.11,1517989,7.935,"Janssen - Ad26.COV 2-S,SII - Covishield",2021-03-11,2,21417,0.112
Malaysia,MYS,WPRO,REPORTING,2022-07-07,71301952,28046673,220.299,86.655,27318740,84.406,"AstraZeneca - Vaxzevria,Beijing CNBG - BBIBP-CorV,CanSino - Convidecia,Gamaleya - Gam-Covid-Vac,Janssen - Ad26.COV 2-S,Moderna - Spikevax,Pfizer BioNTech - Comirnaty,Sinovac - CoronaVac",2021-02-24,8,16152022,49.904
Maldives,MDV,SEARO,REPORTING,2022-07-25,949382,398984,175.635,73.812,384715,71.172,"AstraZeneca - Vaxzevria,Beijing CNBG - BBIBP-CorV,Gamaleya - Gam-Covid-Vac,Janssen - Ad26.COV 2-S,Moderna - Spikevax,Pfizer BioNTech - Comirnaty,SII - Covishield,Sinovac - CoronaVac",2021-02-01,8,165683,30.651
Mali,MLI,AFRO,REPORTING,2022-07-17,2683868,1962791,13.253,9.692,1428505,7.054,SII - Covishield,2021-03-31,1,,
Malta,MLT,EURO,REPORTING,2022-07-10,1261102,450237,245.1,87.499,444521,86.388,"AstraZeneca - Vaxzevria,Janssen - Ad26.COV 2-S,Moderna - Spikevax,Pfizer BioNTech - Comirnaty",2020-12-23,4,350949,68.203
Marshall Islands,MHL,WPRO,REPORTING,2022-06-13,72668,36583,122.762,61.802,29077,49.122,"Janssen - Ad26.COV 2-S,Moderna - Spikevax,Pfizer BioNTech - Comirnaty",2020-12-29,3,9519,16.081
Martinique,MTQ,AMRO,REPORTING,2022-07-22,390581,149713,104.081,39.895,144506,38.508,Pfizer BioNTech - Comirnaty,,1,91288,24.326
Mauritania,MRT,AFRO,REPORTING,2022-07-17,2853551,1928484,61.371,41.476,1335276,28.718,"Beijing CNBG - BBIBP-CorV,SII - Covishield",2021-03-26,2,217063,4.668
Mauritius,MUS,AFRO,REPORTING,2022-07-17,2564102,1021934,201.617,80.355,977728,76.879,"Beijing CNBG - BBIBP-CorV,Bharat - Covaxin,SII - Covishield",2021-01-26,3,629718,49.515
Mexico,MEX,AMRO,REPORTING,2022-07-22,209673612,92333818,162.622,71.614,79947470,62.007,"AstraZeneca - Vaxzevria,CanSino - Convidecia,Gamaleya - Gam-Covid-Vac,Janssen - Ad26.COV 2-S,Moderna - Spikevax,Pfizer BioNTech - Comirnaty,Sinovac - CoronaVac",2020-12-24,7,56677145,43.959
Micronesia (Federated States of),FSM,WPRO,REPORTING,2022-07-08,146342,62852,127.228,54.643,61179,53.188,"AstraZeneca - Vaxzevria,Janssen - Ad26.COV 2-S,Moderna - Spikevax,Pfizer BioNTech - Comirnaty",2021-01-13,4,22311,19.397
Monaco,MCO,EURO,REPORTING,2022-01-02,58294,23460,148.5,59.78,23356,59.515,"AstraZeneca - Vaxzevria,Janssen - Ad26.COV 2-S,Moderna - Spikevax,Novavax - Covavax,Novavax-NUVAXOVID,Pfizer BioNTech - Comirnaty",2021-06-30,6,11478,29.248
Mongolia,MNG,WPRO,REPORTING,2022-07-08,5635286,2273798,171.897,69.359,2177097,66.41,"AstraZeneca - Vaxzevria,Beijing CNBG - BBIBP-CorV,Gamaleya - Gam-Covid-Vac,Moderna - Spikevax,Pfizer BioNTech - Comirnaty,SII - Covishield",2021-02-23,6,1048847,31.994
Montenegro,MNE,EURO,REPORTING,2022-07-24,525718,272090,83.7,43.753,253628,40.785,"AstraZeneca - Vaxzevria,Beijing CNBG - BBIBP-CorV,Gamaleya - Gam-Covid-Vac,Pfizer BioNTech - Comirnaty,Unknown Vaccine",2021-02-24,5,0,0
Montserrat,MSR,AMRO,REPORTING,2022-07-22,4487,2074,89.758,41.488,1903,38.068,AstraZeneca - Vaxzevria,2021-02-08,1,510,10.202
Morocco,MAR,EMRO,REPORTING,2022-07-18,54924940,24962759,148.805,67.63,23450432,63.533,"AstraZeneca - Vaxzevria,Beijing CNBG - BBIBP-CorV,Bharat - Covaxin,CanSino - Convidecia,Gamaleya - Gam-Covid-Vac,Gamaleya - Sputnik-Light,Janssen - Ad26.COV 2-S,Moderna - Spikevax,Pfizer BioNTech - Comirnaty,Sinovac - CoronaVac",2021-01-28,10,6609462,17.907
Mozambique,MOZ,AFRO,REPORTING,2022-07-17,24069038,13379447,77.008,42.807,12755241,40.81,"Beijing CNBG - BBIBP-CorV,Janssen - Ad26.COV 2-S,SII - Covishield",2021-03-08,3,422998,1.353
Myanmar,MMR,SEARO,REPORTING,2022-06-18,66954796,34777314,123.057,63.917,27545329,50.626,"Beijing CNBG - BBIBP-CorV,SII - Covishield",2021-01-27,2,2227351,4.094
Namibia,NAM,AFRO,REPORTING,2022-07-10,856277,513856,33.7,20.223,443559,17.457,"Beijing CNBG - BBIBP-CorV,Janssen - Ad26.COV 2-S,Pfizer BioNTech - Comirnaty,SII - Covishield",2021-03-19,4,77273,3.041
Nauru,NRU,WPRO,REPORTING,2022-03-31,22976,9464,212.073,87.355,8585,79.241,"AstraZeneca - Vaxzevria,SII - Covishield",2021-04-09,2,4927,45.477
Nepal,NPL,SEARO,REPORTING,2022-07-23,52269883,24607594,179.395,84.455,20523367,70.438,"AstraZeneca - Vaxzevria,Beijing CNBG - BBIBP-CorV,Bharat - Covaxin,Gamaleya - Gam-Covid-Vac,Janssen - Ad26.COV 2-S,Moderna - Spikevax,Pfizer BioNTech - Comirnaty,SII - Covishield",2021-01-27,8,7138922,24.501
Netherlands,NLD,EURO,REPORTING,2022-07-10,36046148,12951723,207.1,74.403,12110463,69.57,"AstraZeneca - Vaxzevria,Janssen - Ad26.COV 2-S,Moderna - Spikevax,Novavax-NUVAXOVID,Pfizer BioNTech - Comirnaty,Unknown Vaccine",2021-01-06,6,9388009,53.931
New Caledonia,NCL,WPRO,REPORTING,2022-06-20,461856,188411,161.772,65.994,180351,63.171,"Janssen - Ad26.COV 2-S,Pfizer BioNTech - Comirnaty",2021-01-20,2,93094,32.608
New Zealand,NZL,WPRO,REPORTING,2022-07-08,11214234,4261857,232.553,88.379,4089091,84.797,"AstraZeneca - Vaxzevria,Janssen - Ad26.COV 2-S,Novavax-NUVAXOVID,Pfizer BioNTech - Comirnaty",2021-02-19,4,2708195,56.161
Nicaragua,NIC,AMRO,REPORTING,2022-07-22,11571833,5973858,174.681,90.178,5597975,84.503,"AstraZeneca - Vaxzevria,CIGB - CIGB-66,Finlay - Soberana Plus,Finlay - Soberana-02,Gamaleya - Gam-Covid-Vac,Gamaleya - Sputnik-Light,Janssen - Ad26.COV 2-S,Pfizer BioNTech - Comirnaty,SII - Covishield",2021-03-03,9,,
Niger,NER,AFRO,REPORTING,2022-07-17,4394310,3647695,18.153,15.069,2888988,11.935,"Beijing CNBG - BBIBP-CorV,SII - Covishield",2021-03-29,2,,
Nigeria,NGA,AFRO,REPORTING,2022-07-17,56126494,36549506,27.227,17.73,24675659,11.97,SII - Covishield,2021-03-05,1,1389661,0.674
Niue,NIU,WPRO,REPORTING,2022-03-13,4161,1650,257.169,101.978,1417,87.577,Pfizer BioNTech - Comirnaty,2021-06-08,1,1094,67.614
North Macedonia,MKD,EURO,REPORTING,2022-07-24,1856093,854061,89.1,41.135,837577,40.341,"AstraZeneca - Vaxzevria,Beijing CNBG - BBIBP-CorV,Gamaleya - Gam-Covid-Vac,Pfizer BioNTech - Comirnaty,Sinovac - CoronaVac,Wuhan CNBG - Inactivated",2021-02-17,6,159804,7.697
Northern Mariana Islands (Commonwealth of the),MNP,WPRO,REPORTING,2022-05-20,111269,45247,193.32,78.613,43939,76.34,"Janssen - Ad26.COV 2-S,Moderna - Spikevax,Pfizer BioNTech - Comirnaty",2020-12-19,3,23245,40.386
Norway,NOR,EURO,REPORTING,2022-07-03,11353153,4340590,211.5,80.867,4052978,75.508,"AstraZeneca - Vaxzevria,Janssen - Ad26.COV 2-S,Moderna - Spikevax,Pfizer BioNTech - Comirnaty",2020-12-23,4,2966644,55.27
occupied Palestinian territory,PSE,EMRO,REPORTING,2022-07-19,3737310,2009619,73.26,39.393,1773409,34.763,"AstraZeneca - Vaxzevria,Beijing CNBG - BBIBP-CorV,Bharat - Covaxin,CanSino - Convidecia,Gamaleya - Gam-Covid-Vac,Gamaleya - Sputnik-Light,Janssen - Ad26.COV 2-S,Moderna - Spikevax,Pfizer BioNTech - Comirnaty,Sinovac - CoronaVac",2021-02-02,10,332418,6.516
Oman,OMN,EMRO,REPORTING,2022-07-06,7075878,3268765,138.563,64.01,3041332,59.557,"AstraZeneca - Vaxzevria,Beijing CNBG - BBIBP-CorV,Bharat - Covaxin,CanSino - Convidecia,Gamaleya - Gam-Covid-Vac,Gamaleya - Sputnik-Light,Janssen - Ad26.COV 2-S,Moderna - Spikevax,Pfizer BioNTech - Comirnaty,SII - Covishield,Sinovac - CoronaVac",2020-12-29,11,765781,14.996
Pakistan,PAK,EMRO,REPORTING,2022-07-19,298381219,153370300,135.08,69.432,130921181,59.269,"AstraZeneca - Vaxzevria,Beijing CNBG - BBIBP-CorV,Bharat - Covaxin,CanSino - Convidecia,Gamaleya - Gam-Covid-Vac,Gamaleya - Sputnik-Light,Janssen - Ad26.COV 2-S,Moderna - Spikevax,Pfizer BioNTech - Comirnaty,SII - Covishield,Sinovac - CoronaVac",2021-02-03,11,31763589,14.38
Palau,PLW,WPRO,REPORTING,2022-06-24,47642,20247,263.332,111.911,18043,99.729,"Janssen - Ad26.COV 2-S,Moderna - Spikevax,Pfizer BioNTech - Comirnaty",2021-01-03,3,11704,64.692
Panama,PAN,AMRO,REPORTING,2022-07-22,8449454,3487798,195.826,80.834,3123937,72.401,"AstraZeneca - Vaxzevria,Pfizer BioNTech - Comirnaty",2021-01-20,2,1660960,38.495
Papua New Guinea,PNG,WPRO,REPORTING,2022-06-29,466668,339974,5.216,3.8,280580,3.136,"AstraZeneca - Vaxzevria,Beijing CNBG - BBIBP-CorV,Janssen - Ad26.COV 2-S,SII - Covishield",2021-03-30,4,21585,0.241
Paraguay,PRY,AMRO,REPORTING,2022-07-22,9215489,3969185,129.204,55.649,3493080,48.974,"AstraZeneca - Vaxzevria,Beijing CNBG - BBIBP-CorV,Bharat - Covaxin,Gamaleya - Gam-Covid-Vac,Julphar - Hayat-Vax,Moderna - Spikevax,Pfizer BioNTech - Comirnaty,Sinovac - CoronaVac",2021-02-22,8,1536981,21.549
Peru,PER,AMRO,REPORTING,2022-07-22,79660337,29629641,241.601,89.863,27825357,84.391,"AstraZeneca - Vaxzevria,Beijing CNBG - BBIBP-CorV,Moderna - Spikevax,Pfizer BioNTech - Comirnaty",2021-02-09,4,19385668,58.795
Philippines,PHL,WPRO,REPORTING,2022-07-14,156547670,76438466,142.86,69.755,71835024,65.554,"AstraZeneca - Vaxzevria,Beijing CNBG - BBIBP-CorV,Bharat - Covaxin,Gamaleya - Gam-Covid-Vac,Gamaleya - Sputnik-Light,Janssen - Ad26.COV 2-S,Julphar - Hayat-Vax,Moderna - Spikevax,Novavax-NUVAXOVID,Pfizer BioNTech - Comirnaty,Sinovac - CoronaVac",2021-03-01,11,15523764,14.166
Pitcairn Islands,PCN,WPRO,REPORTING,2022-02-28,106,46,212,92,37,74,AstraZeneca - Vaxzevria,2021-05-17,1,23,46
Poland,POL,EURO,REPORTING,2022-07-10,54662485,22834602,144,60.157,22539239,59.379,"AstraZeneca - Vaxzevria,Janssen - Ad26.COV 2-S,Moderna - Spikevax,Novavax-NUVAXOVID,Pfizer BioNTech - Comirnaty",2020-12-23,5,12112778,31.911
Portugal,PRT,EURO,REPORTING,2022-07-10,24729042,9735391,240.2,94.655,8893110,86.375,"AstraZeneca - Vaxzevria,Beijing CNBG - BBIBP-CorV,Bharat - Covaxin,Janssen - Ad26.COV 2-S,Moderna - Spikevax,Novavax-NUVAXOVID,Pfizer BioNTech - Comirnaty,Sinovac - CoronaVac",2020-12-23,8,6802387,66.069
Puerto Rico,PRI,AMRO,REPORTING,2022-07-22,7411252,3066278,259.057,107.181,2675541,93.522,"Janssen - Ad26.COV 2-S,Moderna - Spikevax,Pfizer BioNTech - Comirnaty",,3,1606068,56.139
Qatar,QAT,EMRO,REPORTING,2022-07-19,7302700,2743181,253.473,95.215,2743181,95.215,"AstraZeneca - Vaxzevria,Beijing CNBG - BBIBP-CorV,Bharat - Covaxin,CanSino - Convidecia,Gamaleya - Gam-Covid-Vac,Gamaleya - Sputnik-Light,Janssen - Ad26.COV 2-S,Moderna - Spikevax,Pfizer BioNTech - Comirnaty,Sinovac - CoronaVac",,10,1816338,63.044
Republic of Korea,KOR,WPRO,REPORTING,2022-07-21,128050297,45078810,249.761,87.926,44643393,87.076,"AstraZeneca - Vaxzevria,Janssen - Ad26.COV 2-S,Moderna - Spikevax,Novavax-NUVAXOVID,Pfizer BioNTech - Comirnaty",2021-02-26,5,33422874,65.191
Republic of Moldova,MDA,EURO,REPORTING,2022-07-24,2209103,1097086,54.8,27.196,1067547,26.464,"AstraZeneca - Vaxzevria,Beijing CNBG - BBIBP-CorV,Gamaleya - Gam-Covid-Vac,Janssen - Ad26.COV 2-S,Moderna - Spikevax,Pfizer BioNTech - Comirnaty,Sinovac - CoronaVac",2021-03-03,7,345891,8.574
Romania,ROU,EURO,REPORTING,2022-07-10,16047828,8176457,83,42.302,8126237,42.042,"AstraZeneca - Vaxzevria,Janssen - Ad26.COV 2-S,Moderna - Spikevax,Pfizer BioNTech - Comirnaty",2021-01-27,4,1749321,9.05
Russian Federation,RUS,EURO,OWID,2022-07-26,169735679,82034136,116.3,56.213,74969766,51.372,"SRCVB - EpiVacCorona, Gamaleya - Sputnik V",,2,,
Rwanda,RWA,AFRO,REPORTING,2022-07-17,25522207,9141570,197.049,70.579,8822309,68.114,"Beijing CNBG - BBIBP-CorV,Gamaleya - Gam-Covid-Vac,Janssen - Ad26.COV 2-S,Moderna - Spikevax,Pfizer BioNTech - Comirnaty,SII - Covishield,Sinovac - CoronaVac",2021-03-05,7,5145841,39.729
Saba,XCA,AMRO,REPORTING,2022-07-22,4419,1680,228.608,86.912,1639,84.79,,,,1100,56.906
Saint Helena,SHN,AFRO,OWID,2021-05-05,7892,4361,129.995,71.833,3531,58.162,AstraZeneca - AZD1222,,1,,
Saint Kitts and Nevis,KNA,AMRO,REPORTING,2022-07-22,58914,28629,110.757,53.822,26830,50.44,"AstraZeneca - Vaxzevria,Pfizer BioNTech - Comirnaty,SII - Covishield",2021-02-22,3,3455,6.495
Saint Lucia,LCA,AMRO,REPORTING,2022-07-22,121855,59712,66.36,32.518,54465,29.661,"AstraZeneca - Vaxzevria,Janssen - Ad26.COV 2-S,Moderna - Spikevax,Pfizer BioNTech - Comirnaty,SII - Covishield",2021-02-17,5,7678,4.181
Saint Vincent and the Grenadines,VCT,AMRO,REPORTING,2022-07-22,72022,36933,64.92,33.291,31088,28.022,"AstraZeneca - Vaxzevria,Gamaleya - Gam-Covid-Vac,Gamaleya - Sputnik-Light,Pfizer BioNTech - Comirnaty,SII - Covishield",2021-02-01,5,4001,3.606
Samoa,WSM,WPRO,REPORTING,2022-05-29,439060,190053,221.285,95.786,174125,87.758,"AstraZeneca - Vaxzevria,Pfizer BioNTech - Comirnaty",2021-04-18,2,74882,37.74
San Marino,SMR,EURO,REPORTING,2022-05-22,69338,26357,204.3,76.501,23633,68.595,"Gamaleya - Gam-Covid-Vac,Pfizer BioNTech - Comirnaty",2021-02-24,2,19348,56.158
Sao Tome and Principe,STP,AFRO,REPORTING,2022-07-17,221655,125550,101.139,57.287,99341,45.328,"AstraZeneca - Vaxzevria,SII - Covishield",2021-03-15,2,25542,11.655
Saudi Arabia,SAU,EMRO,REPORTING,2022-06-20,66700629,26713922,191.592,76.734,25082132,72.046,"AstraZeneca - Vaxzevria,Beijing CNBG - BBIBP-CorV,Bharat - Covaxin,CanSino - Convidecia,Gamaleya - Gam-Covid-Vac,Gamaleya - Sputnik-Light,Janssen - Ad26.COV 2-S,Moderna - Spikevax,Pfizer BioNTech - Comirnaty,Sinovac - CoronaVac",2021-01-06,10,14904575,42.812
Senegal,SEN,AFRO,REPORTING,2022-07-17,2098113,1444614,12.531,8.628,1069859,6.39,"Beijing CNBG - BBIBP-CorV,Janssen - Ad26.COV 2-S,SII - Covishield",2021-02-23,3,11763,0.07
Serbia,SRB,EURO,REPORTING,2022-06-12,6708547,3391961,96.9,48.969,3316586,47.881,"AstraZeneca - Vaxzevria,Beijing CNBG - BBIBP-CorV,Gamaleya - Gam-Covid-Vac,Moderna - Spikevax,Pfizer BioNTech - Comirnaty",2020-12-23,5,0,0
Seychelles,SYC,AFRO,REPORTING,2022-07-17,208500,85180,212.004,86.612,80925,82.285,"Beijing CNBG - BBIBP-CorV,Gamaleya - Gam-Covid-Vac,Julphar - Hayat-Vax,SII - Covishield",2021-01-10,4,43354,44.083
Sierra Leone,SLE,AFRO,REPORTING,2022-07-10,3526274,2644113,44.206,33.147,1916574,24.026,"Beijing CNBG - BBIBP-CorV,SII - Covishield",2021-03-15,2,12864,0.161
Singapore,SGP,WPRO,REPORTING,2022-07-18,14252643,5021147,243.621,85.827,4999113,85.45,"AstraZeneca - Vaxzevria,Beijing CNBG - BBIBP-CorV,Moderna - Spikevax,Pfizer BioNTech - Comirnaty",2020-12-30,4,4232383,72.344
Sint Eustatius,XBA,AMRO,REPORTING,2022-07-22,4257,1791,135.616,57.056,1686,53.711,,,,780,24.849
Sint Maarten,SXM,AMRO,REPORTING,2022-07-22,63735,28407,148.629,66.245,26417,61.604,"AstraZeneca - Vaxzevria,Moderna - Spikevax,Pfizer BioNTech - Comirnaty",2021-02-22,3,8911,20.78
Slovakia,SVK,EURO,REPORTING,2022-07-10,7080956,2822559,129.7,51.715,2772729,50.802,"AstraZeneca - Vaxzevria,Gamaleya - Gam-Covid-Vac,Janssen - Ad26.COV 2-S,Moderna - Spikevax,Novavax-NUVAXOVID,Pfizer BioNTech - Comirnaty",2021-01-06,6,1653983,30.305
Slovenia,SVN,EURO,REPORTING,2022-07-10,2956707,1236292,141.1,59.017,1205608,57.523,"AstraZeneca - Vaxzevria,Janssen - Ad26.COV 2-S,Moderna - Spikevax,Novavax-NUVAXOVID,Pfizer BioNTech - Comirnaty",2020-12-23,5,650124,31.019
Solomon Islands,SLB,WPRO,REPORTING,2022-07-03,482043,289502,70.178,42.147,187200,27.254,"AstraZeneca - Vaxzevria,Beijing CNBG - BBIBP-CorV,Pfizer BioNTech - Comirnaty,SII - Covishield",2021-03-23,4,5402,0.786
Somalia,SOM,EMRO,REPORTING,2022-07-19,3344579,2728594,21.044,17.168,1764597,11.103,"AstraZeneca - Vaxzevria,Beijing CNBG - BBIBP-CorV,Bharat - Covaxin,CanSino - Convidecia,Gamaleya - Gam-Covid-Vac,Gamaleya - Sputnik-Light,Janssen - Ad26.COV 2-S,Moderna - Spikevax,Pfizer BioNTech - Comirnaty,SII - Covishield,Sinovac - CoronaVac",2021-03-16,11,,
South Africa,ZAF,AFRO,REPORTING,2022-07-17,37025629,23423074,62.429,39.493,20463094,34.503,"Janssen - Ad26.COV 2-S,Pfizer BioNTech - Comirnaty",2021-02-17,2,3546751,5.98
South Sudan,SSD,AFRO,REPORTING,2022-07-17,1362308,1312090,12.17,11.722,1270042,11.346,"Janssen - Ad26.COV 2-S,SII - Covishield",2021-04-06,2,,
Spain,ESP,EURO,REPORTING,2022-07-10,102480315,41243255,216.5,87.135,37428893,79.076,"AstraZeneca - Vaxzevria,Janssen - Ad26.COV 2-S,Moderna - Spikevax,Pfizer BioNTech - Comirnaty",2020-12-30,4,25573549,54.029
Sri Lanka,LKA,SEARO,REPORTING,2022-07-21,39662637,17104952,185.225,79.88,14553903,67.967,"AstraZeneca - Vaxzevria,Beijing CNBG - BBIBP-CorV,Gamaleya - Gam-Covid-Vac,Moderna - Spikevax,Pfizer BioNTech - Comirnaty,SII - Covishield",2021-01-29,6,8003782,37.378
Sudan,SDN,EMRO,REPORTING,2022-05-30,8179010,6651268,18.653,15.168,4536964,10.347,"AstraZeneca - Vaxzevria,Beijing CNBG - BBIBP-CorV,Bharat - Covaxin,CanSino - Convidecia,Gamaleya - Gam-Covid-Vac,Gamaleya - Sputnik-Light,Janssen - Ad26.COV 2-S,Moderna - Spikevax,Pfizer BioNTech - Comirnaty,SII - Covishield,Sinovac - CoronaVac",2021-03-09,11,50234,0.115
Suriname,SUR,AMRO,REPORTING,2022-07-22,554588,267820,94.538,45.654,237879,40.55,"AstraZeneca - Vaxzevria,Beijing CNBG - BBIBP-CorV,Moderna - Spikevax,Pfizer BioNTech - Comirnaty,SII - Covishield",2021-02-23,5,48889,8.334
Sweden,SWE,EURO,REPORTING,2022-07-10,22055820,7560493,213.6,73.207,7399467,71.648,"AstraZeneca - Vaxzevria,Moderna - Spikevax,Novavax-NUVAXOVID,Pfizer BioNTech - Comirnaty,Unknown Vaccine",2020-12-23,5,5472434,52.988
Switzerland,CHE,EURO,REPORTING,2022-07-24,15680251,6090398,181.2,70.769,5714078,66.396,"Janssen - Ad26.COV 2-S,Moderna - Spikevax,Novavax-NUVAXOVID,Pfizer BioNTech - Comirnaty",2020-12-23,4,3935007,45.724
Syrian Arab Republic,SYR,EMRO,REPORTING,2022-07-19,4389805,2842478,25.084,16.242,1914784,10.941,"AstraZeneca - Vaxzevria,Beijing CNBG - BBIBP-CorV,Bharat - Covaxin,CanSino - Convidecia,Gamaleya - Gam-Covid-Vac,Gamaleya - Sputnik-Light,Janssen - Ad26.COV 2-S,Moderna - Spikevax,Pfizer BioNTech - Comirnaty,SII - Covishield,Sinovac - CoronaVac",2021-04-01,11,34606,0.198
Tajikistan,TJK,EURO,REPORTING,2022-06-12,13782905,5220731,144.5,54.738,5034819,52.789,"AstraZeneca - Vaxzevria,Gamaleya - Gam-Covid-Vac,Moderna - Spikevax,Pfizer BioNTech - Comirnaty,SII - Covishield,Sinovac - CoronaVac",2021-03-24,6,3527355,36.984
Thailand,THA,SEARO,REPORTING,2022-07-25,140486389,56817048,201.27,81.4,53136572,76.127,"AstraZeneca - Vaxzevria,Beijing CNBG - BBIBP-CorV,Janssen - Ad26.COV 2-S,Moderna - Spikevax,Pfizer BioNTech - Comirnaty,SII - Covishield,SII - Covovax,Sinovac - CoronaVac",2021-02-28,8,30532769,43.743
The United Kingdom,GBR,EURO,REPORTING,2022-07-13,150195878,53664109,221.2,78.848,50330907,73.951,"AstraZeneca - Vaxzevria,Moderna - Spikevax,Pfizer BioNTech - Comirnaty",2020-12-21,3,,
Timor-Leste,TLS,SEARO,REPORTING,2022-07-26,1746143,843385,132.44,63.968,729171,55.305,"AstraZeneca - Vaxzevria,Pfizer BioNTech - Comirnaty,SII - Covishield,Sinovac - CoronaVac",2021-04-07,4,173587,13.166
Togo,TGO,AFRO,REPORTING,2022-07-17,3222792,2118136,38.929,25.585,1557538,18.814,SII - Covishield,2021-03-10,1,65935,0.796
Tokelau,TKL,WPRO,REPORTING,2022-04-21,3326,1339,246.37,99.185,1125,83.333,Pfizer BioNTech - Comirnaty,2021-07-20,1,862,63.852
Tonga,TON,WPRO,REPORTING,2022-06-13,261560,77510,247.467,73.334,72688,68.771,"AstraZeneca - Vaxzevria,Pfizer BioNTech - Comirnaty",2021-04-14,2,59785,56.564
Trinidad and Tobago,TTO,AMRO,REPORTING,2022-07-22,1579307,751991,112.849,53.733,718073,51.31,"AstraZeneca - Vaxzevria,Beijing CNBG - BBIBP-CorV,Janssen - Ad26.COV 2-S,Pfizer BioNTech - Comirnaty,SII - Covishield",2021-02-17,5,166933,11.928
Tunisia,TUN,EMRO,REPORTING,2022-07-18,14894966,8890905,126.03,75.228,6377749,53.964,"AstraZeneca - Vaxzevria,Beijing CNBG - BBIBP-CorV,Bharat - Covaxin,CanSino - Convidecia,Gamaleya - Gam-Covid-Vac,Gamaleya - Sputnik-Light,Janssen - Ad26.COV 2-S,Moderna - Spikevax,Pfizer BioNTech - Comirnaty,Sinovac - CoronaVac",2021-03-13,10,1316515,11.139
Turkey,TUR,EURO,OWID,2022-07-26,149563323,57874843,177.3,69.599,53105133,63.863,"Pfizer BioNTech - Comirnaty, Sinovac - CoronaVac, Turkovac",,3,,
Turkmenistan,TKM,EURO,REPORTING,2022-03-06,7140000,2970000,118.4,49.244,2920000,48.415,"Anhui ZL - Zifivax,AstraZeneca - Vaxzevria,Beijing CNBG - BBIBP-CorV,Gamaleya - Gam-Covid-Vac,RIBSP - QazVac,SRCVB - EpiVacCorona,Unknown Vaccine",2021-02-24,7,1250000,20.726
Turks and Caicos Islands,TCA,AMRO,REPORTING,2022-07-22,70169,32189,181.231,83.137,30129,77.817,Pfizer BioNTech - Comirnaty,2021-01-11,1,7851,20.277
Tuvalu,TUV,WPRO,REPORTING,2022-04-05,12528,6368,106.242,54.003,6160,52.239,AstraZeneca - Vaxzevria,2021-04-13,1,,
Uganda,UGA,AFRO,REPORTING,2022-07-17,23972170,17616836,52.408,38.514,12029925,26.3,"Janssen - Ad26.COV 2-S,Moderna - Spikevax,Pfizer BioNTech - Comirnaty,SII - Covishield,Sinovac - CoronaVac",2021-03-10,5,309502,0.677
Ukraine,UKR,EURO,REPORTING,2022-02-27,31668577,15774300,72.4,36.069,15153577,34.65,"AstraZeneca - Vaxzevria,Janssen - Ad26.COV 2-S,Moderna - Spikevax,Pfizer BioNTech - Comirnaty,SII - Covishield,Sinovac - CoronaVac",2021-02-24,6,741197,1.695
United Arab Emirates,ARE,EMRO,REPORTING,2022-07-06,24922054,9991089,251.982,101.018,9792266,99.008,"AstraZeneca - Vaxzevria,Beijing CNBG - BBIBP-CorV,Bharat - Covaxin,CanSino - Convidecia,Gamaleya - Gam-Covid-Vac,Gamaleya - Sputnik-Light,Janssen - Ad26.COV 2-S,Moderna - Spikevax,Pfizer BioNTech - Comirnaty,SII - Covishield,Sinovac - CoronaVac",,11,5138699,51.956
United Republic of Tanzania,TZA,AFRO,REPORTING,2022-07-17,15257697,11910572,25.543,19.939,10518478,17.609,"Beijing CNBG - BBIBP-CorV,Janssen - Ad26.COV 2-S,Pfizer BioNTech - Comirnaty",2021-07-28,3,,
United States of America,USA,AMRO,REPORTING,2022-07-22,593464253,264530257,179.293,79.918,220306449,66.557,"Janssen - Ad26.COV 2-S,Moderna - Spikevax,Pfizer BioNTech - Comirnaty",2020-12-14,3,105821849,31.97
Uruguay,URY,AMRO,REPORTING,2022-07-22,8705194,2998223,250.601,86.311,2889030,83.168,"AstraZeneca - Vaxzevria,Pfizer BioNTech - Comirnaty,Sinovac - CoronaVac",2021-02-27,3,2058565,59.261
Uzbekistan,UZB,EURO,REPORTING,2022-07-10,58191020,19890447,173.9,59.429,15794134,47.19,"Anhui ZL - Zifivax,Gamaleya - Gam-Covid-Vac,Gamaleya - Sputnik-Light,Moderna - Spikevax,Pfizer BioNTech - Comirnaty,SII - Covishield,Sinovac - CoronaVac,Unknown Vaccine",2021-04-28,8,12184343,36.405
Vanuatu,VUT,WPRO,REPORTING,2022-06-19,260304,143339,84.75,46.668,130607,42.523,"AstraZeneca - Vaxzevria,Beijing CNBG - BBIBP-CorV,Janssen - Ad26.COV 2-S",2021-06-02,3,15966,5.198
Venezuela (Bolivarian Republic of),VEN,AMRO,REPORTING,2022-07-22,37860994,22157232,133.145,77.92,14287370,50.244,"Beijing CNBG - BBIBP-CorV,CIGB - CIGB-66,Finlay - Soberana-02,Gamaleya - Gam-Covid-Vac,Gamaleya - Sputnik-Light,Sinovac - CoronaVac",2021-02-22,6,651502,2.291
Viet Nam,VNM,WPRO,REPORTING,2022-07-07,234856999,86785069,241.278,89.158,80185029,82.377,"AstraZeneca - Vaxzevria,Beijing CNBG - BBIBP-CorV,CIGB - CIGB-66,Gamaleya - Gam-Covid-Vac,Moderna - Spikevax,Pfizer BioNTech - Comirnaty",2021-03-08,6,61431250,63.111
Wallis and Futuna,WLF,WPRO,REPORTING,2022-04-14,16426,6592,146.061,58.616,6633,58.981,Moderna - Spikevax,2021-03-19,1,3201,28.463
Yemen,YEM,EMRO,REPORTING,2022-07-04,874886,708152,2.933,2.374,450163,1.509,"AstraZeneca - Vaxzevria,Beijing CNBG - BBIBP-CorV,Bharat - Covaxin,CanSino - Convidecia,Gamaleya - Gam-Covid-Vac,Gamaleya - Sputnik-Light,Janssen - Ad26.COV 2-S,Moderna - Spikevax,Pfizer BioNTech - Comirnaty,SII - Covishield,Sinovac - CoronaVac",2021-04-20,11,80,0
Zambia,ZMB,AFRO,REPORTING,2022-07-10,7409521,6649681,40.304,36.171,4639500,25.237,"Beijing CNBG - BBIBP-CorV,Janssen - Ad26.COV 2-S,SII - Covishield",2021-04-14,3,428303,2.33
Zimbabwe,ZWE,AFRO,REPORTING,2022-07-17,11928290,6333666,80.255,42.614,4685628,31.526,"Beijing CNBG - BBIBP-CorV,Bharat - Covaxin,Gamaleya - Gam-Covid-Vac,Sinovac - CoronaVac",2021-02-18,4,908996,6.116
